"sp_id","kernel","kernel_sd","e_mu","e_sd","b0g","b0g_sd","b0em","b0em_sd","b0am","b0am_sd","b0jg","b0jg_sd","b0ag","b0ag_sd","sestra","dyad","floron","floron_sd","floroff","floroff_sd","seedon","seedon_sd","seedoff","seedoff_sd","max_mass","min_mass","min_mass_sd","max_span","max_span_sd","mass_mu","mass_sd","abund"
"p-1","wa",0.1,0.0563368607030716,0.07,16495219420519.8,1.80348e+12,1641842679175.6,1.80348e+12,42266974401.8122,38021600000,1358514754.86876,1340520000,318972413.065955,402156000,0,0,12,13,24,25,25,26,37,38,0,0.1,0.5,1,50,0,1e-04,12
"p-2","a",0.1,0.0267271355893463,0.007,16792617576364,1.80348e+12,1547367292091.67,1.80348e+12,41033992225.0431,38021600000,1851693278.17928,2010780000,382058076.052772,402156000,0,0,12,13,24,25,25,26,37,38,0,0.1,0.5,1,50,0,1e-04,10
"p-3","wa",0.1,0.0541690454396885,0.07,17765612883942.9,1.80348e+12,1416234786482.6,1.20232e+12,42725195482.1615,38021600000,1596837617.0249,1340520000,294834835.359226,402156000,0,0,12,13,24,25,25,26,37,38,0,0.1,0.5,1,50,0,1e-04,15
